<botcomponent_workflowset>
  <botcomponent_workflow botcomponentid.schemaname="cra50_virtualSupportBot.component.CreateATask" workflowid.workflowid="9148f497-222a-ef11-840a-000d3ac9bbf8">
    <iscustomizable>1</iscustomizable>
  </botcomponent_workflow>
  <botcomponent_workflow botcomponentid.schemaname="cra50_virtualSupportBot.component.RunaflowfromCopilot" workflowid.workflowid="e52a8a16-6338-ef11-a316-000d3ac9bbf8">
    <iscustomizable>1</iscustomizable>
  </botcomponent_workflow>
  <botcomponent_workflow botcomponentid.schemaname="cra50_virtualSupportBot.topic.CreateaCustomTask" workflowid.workflowid="e52a8a16-6338-ef11-a316-000d3ac9bbf8">
    <iscustomizable>1</iscustomizable>
  </botcomponent_workflow>
  <botcomponent_workflow botcomponentid.schemaname="cra50_virtualSupportBot.topic.CreateaTask" workflowid.workflowid="9148f497-222a-ef11-840a-000d3ac9bbf8">
    <iscustomizable>1</iscustomizable>
  </botcomponent_workflow>
</botcomponent_workflowset>