{
  "properties": {
    "connectionReferences": {
      "shared_planner": {
        "runtimeSource": "embedded",
        "connection": {
          "connectionReferenceLogicalName": "new_sharedplanner_ee535"
        },
        "api": {
          "name": "shared_planner"
        }
      },
      "shared_commondataserviceforapps": {
        "runtimeSource": "embedded",
        "connection": {
          "connectionReferenceLogicalName": "new_sharedcommondataserviceforapps_236d1"
        },
        "api": {
          "name": "shared_commondataserviceforapps"
        }
      },
      "shared_onedriveforbusiness": {
        "runtimeSource": "invoker",
        "connection": {
          "connectionReferenceLogicalName": "new_sharedonedriveforbusiness_1d770"
        },
        "api": {
          "name": "shared_onedriveforbusiness"
        }
      }
    },
    "definition": {
      "$schema": "https://schema.management.azure.com/providers/Microsoft.Logic/schemas/2016-06-01/workflowdefinition.json#",
      "contentVersion": "1.0.0.0",
      "parameters": {
        "$connections": {
          "defaultValue": {},
          "type": "Object"
        },
        "$authentication": {
          "defaultValue": {},
          "type": "SecureObject"
        }
      },
      "triggers": {
        "manual": {
          "metadata": {
            "operationMetadataId": "b8f61c18-7224-4f8a-9c5f-72fbce5df764"
          },
          "type": "Request",
          "kind": "Skills",
          "inputs": {
            "schema": {
              "type": "object",
              "properties": {
                "text": {
                  "description": "Please enter your input",
                  "title": "SelectedTask",
                  "type": "string",
                  "x-ms-content-hint": "TEXT",
                  "x-ms-dynamically-added": true
                },
                "text_1": {
                  "description": "Please enter your input",
                  "title": "Description",
                  "type": "string",
                  "x-ms-content-hint": "TEXT",
                  "x-ms-dynamically-added": true
                },
                "text_2": {
                  "description": "Please enter your input",
                  "title": "AskedBy",
                  "type": "string",
                  "x-ms-content-hint": "TEXT",
                  "x-ms-dynamically-added": true
                }
              },
              "required": [
                "text",
                "text_1",
                "text_2"
              ]
            }
          }
        }
      },
      "actions": {
        "Respond_to_Copilot": {
          "runAfter": {
            "Add_assignees_to_a_task": [
              "Succeeded"
            ]
          },
          "metadata": {
            "operationMetadataId": "81c94f73-dd52-465c-ad3b-a4686da63cc3"
          },
          "type": "Response",
          "kind": "Skills",
          "inputs": {
            "statusCode": 200,
            "body": {
              "response": "Task has been created for Support team"
            },
            "schema": {
              "type": "object",
              "properties": {
                "response": {
                  "title": "Response",
                  "x-ms-dynamically-added": true,
                  "type": "string"
                }
              }
            }
          }
        },
        "Create_a_task": {
          "runAfter": {
            "Initialize_variable_-_Result": [
              "Succeeded"
            ]
          },
          "metadata": {
            "operationMetadataId": "33fd8ea9-66d4-451c-81b6-e2df7a4bad87"
          },
          "type": "OpenApiConnection",
          "inputs": {
            "host": {
              "connectionName": "shared_planner",
              "operationId": "CreateTask_V3",
              "apiId": "/providers/Microsoft.PowerApps/apis/shared_planner"
            },
            "parameters": {
              "body/groupId": "635551ff-ed03-49de-9839-268256f9d8ca",
              "body/planId": "DbtdIbdmvkuAO8YR6fiTJ8kAHBJN",
              "body/title": "[@{triggerBody()['text_2']}​] - @{triggerBody()?['text']}",
              "body/bucketId": "NMVmUwkfT0u4EhF2P91lu8kALXgW"
            },
            "authentication": "@parameters('$authentication')"
          }
        },
        "Update_task_details": {
          "runAfter": {
            "Create_a_task": [
              "Succeeded"
            ]
          },
          "metadata": {
            "operationMetadataId": "dcfd10ca-3216-4f05-85a6-d13c96f6b1b8"
          },
          "type": "OpenApiConnection",
          "inputs": {
            "host": {
              "connectionName": "shared_planner",
              "operationId": "UpdateTaskDetails_V2",
              "apiId": "/providers/Microsoft.PowerApps/apis/shared_planner"
            },
            "parameters": {
              "id": "@outputs('Create_a_task')?['body/id']",
              "body/description": "Title: @{variables('varResArray')[0]}\nSummary: @{variables('varResArray')[1]}\nAdditional Notes: @{triggerBody()['text_1']}\nAsked By: @{triggerBody()?['text_2']}",
              "body/references": [
                {
                  "alias": "@triggerBody()['text']",
                  "resourceLink": "@variables('varResArray')[2]",
                  "type": "Other"
                }
              ]
            },
            "authentication": "@parameters('$authentication')"
          },
          "description": "variables('varResArray')[i]"
        },
        "Add_assignees_to_a_task": {
          "runAfter": {
            "Update_task_details": [
              "Succeeded"
            ]
          },
          "metadata": {
            "operationMetadataId": "a1d93640-e045-4c36-b3b0-0532ac8480e0"
          },
          "type": "OpenApiConnection",
          "inputs": {
            "host": {
              "connectionName": "shared_planner",
              "operationId": "AssignUsers",
              "apiId": "/providers/Microsoft.PowerApps/apis/shared_planner"
            },
            "parameters": {
              "id": "@outputs('Update_task_details')?['body/id']",
              "body/assignments": "chris@intelliconnectq.com;pavan.patil@intelliconnectq.com;shekhar@intelliconnectq.com"
            },
            "authentication": "@parameters('$authentication')"
          }
        },
        "Initialize_variable_-_Data": {
          "runAfter": {
            "Get_file_content": [
              "Succeeded"
            ]
          },
          "metadata": {
            "operationMetadataId": "c5a03688-6ff9-4d44-9e4b-03a33f91ddd9"
          },
          "type": "InitializeVariable",
          "inputs": {
            "variables": [
              {
                "name": "varData",
                "type": "string",
                "value": "@{body('Get_file_content')}"
              }
            ]
          }
        },
        "Initialize_variable_-_Result": {
          "runAfter": {
            "Create_text_with_GPT_using_a_prompt": [
              "Succeeded"
            ]
          },
          "metadata": {
            "operationMetadataId": "8889e966-ab37-4d30-bc2a-f6672affb8ec"
          },
          "type": "InitializeVariable",
          "inputs": {
            "variables": [
              {
                "name": "varResArray",
                "type": "array",
                "value": "@split(outputs('Create_text_with_GPT_using_a_prompt')?['body/responsev2/predictionOutput/text'],'|')"
              }
            ]
          },
          "description": "split(outputs('Create_text_with_GPT_using_a_prompt')?['body/responsev2/predictionOutput/text'],'|')"
        },
        "Create_text_with_GPT_using_a_prompt": {
          "runAfter": {
            "Initialize_variable_-_Data": [
              "Succeeded"
            ]
          },
          "metadata": {
            "operationMetadataId": "4dc85438-c738-4665-acce-a80dc61d78c8",
            "flowSystemMetadata": {
              "portalOperationId": "aibuilderpredict_customprompt",
              "portalOperationGroup": "aibuilder",
              "portalOperationApiDisplayNameOverride": "AI Builder",
              "portalOperationIconOverride": "https://content.powerapps.com/resource/makerx/static/pauto/images/designeroperations/aiBuilderNew.51dbdb6b.png",
              "portalOperationBrandColorOverride": "#0A76C4",
              "portalOperationApiTierOverride": "Standard"
            }
          },
          "type": "OpenApiConnection",
          "inputs": {
            "host": {
              "connectionName": "shared_commondataserviceforapps",
              "operationId": "aibuilderpredict_customprompt",
              "apiId": "/providers/Microsoft.PowerApps/apis/shared_commondataserviceforapps"
            },
            "parameters": {
              "recordId": "7ae69de7-b695-4c35-a762-d4df29f62217",
              "item/requestv2/TextData": "@variables('varData')",
              "item/requestv2/SelectedTask": "@triggerBody()['text']"
            },
            "authentication": "@parameters('$authentication')"
          }
        },
        "Get_file_content": {
          "runAfter": {},
          "metadata": {
            "b!dGEcVr_lHECMbmb8pIjXoOIkQXdQHEZIqnxYcQI4VOoe15P7QI1MSpBCiy2TrJ-2.01POOJDU6XO5XJUFD6JZDKHNK3LARBIOZ4": "/ISA-KB-InfraSupport/KnowledgeBase-Links.csv",
            "operationMetadataId": "ac09be34-4b7d-4545-8e96-f3de34981a0e"
          },
          "type": "OpenApiConnection",
          "inputs": {
            "host": {
              "connectionName": "shared_onedriveforbusiness",
              "operationId": "GetFileContent",
              "apiId": "/providers/Microsoft.PowerApps/apis/shared_onedriveforbusiness"
            },
            "parameters": {
              "id": "b!dGEcVr_lHECMbmb8pIjXoOIkQXdQHEZIqnxYcQI4VOoe15P7QI1MSpBCiy2TrJ-2.01POOJDU6XO5XJUFD6JZDKHNK3LARBIOZ4",
              "inferContentType": true
            },
            "authentication": "@parameters('$authentication')"
          }
        }
      },
      "outputs": {}
    },
    "templateName": "8966f0978a80430098d992ce322095e3"
  },
  "schemaVersion": "1.0.0.0"
}